cluster,n_vulnerable,cluster_size,risk_score
7,11,11,1.0
8,23,23,1.0
0,409,412,0.9927184466019418
5,2020,2126,0.9501411100658513
1,837,886,0.9446952595936795
3,200,231,0.8658008658008658
10,47,85,0.5529411764705883
9,739,2242,0.3296164139161463
4,368,1269,0.2899921197793538
2,223,1315,0.16958174904942966
6,123,1400,0.08785714285714286
