cluster,n_vulnerable,cluster_size,risk_score
3,250,260,0.9615384615384616
1,487,1053,0.4624881291547958
2,3,7,0.42857142857142855
0,249,614,0.40553745928338764
