cluster,n_vulnerable,cluster_size,risk_score
4,366,377,0.9708222811671088
2,436,657,0.6636225266362252
1,126,288,0.4375
3,3,7,0.42857142857142855
0,58,605,0.09586776859504133
