cluster,n_vulnerable,cluster_size,risk_score
3,154,190,0.8105263157894737
2,3,5,0.6
0,832,1738,0.47871116225546606
1,0,1,0.0
